Actual Price,Predicted Price
315000,307763.8
993500,1046436.0
1180000,1250682.54
260000,259962.24
269000,228890.0
480000,506382.0
419950,438450.34
370000,357040.04
320000,311727.78
459000,406301.0
502700,496861.0
335000,277766.0
1600000,1423200.0
650880,565653.04
307700,302702.0
1880000,1670860.0
600000,642738.9
335000,198265.48
355000,364784.0
528000,473097.4
374950,330528.9
660000,728207.0
276000,277593.0
410000,477114.18
289950,290673.0
302000,333479.02
385000,494380.62
220000,285844.96
1040000,981426.58
295000,296763.4
989000,1099189.0
255500,282555.9
365000,379912.0
349900,343484.08
350000,324996.18
510000,465516.0
962800,956171.5
285000,312751.0
550000,528465.0
459990,483439.36
371000,253964.5
449000,459075.5
690000,638727.04
304500,241861.56
300000,299169.98
246500,221646.0
205000,308736.6
485000,494907.72
335000,408906.0
235000,195274.76
309000,338916.56
395000,517474.04
600000,582091.52
550000,878859.0
575000,539759.3
229000,253047.28
299950,383902.76
327000,357952.5
455000,594180.96
780000,777301.48
390000,409947.0
175000,192926.0
245000,273852.64
440000,506142.0
810000,961296.9
465000,332916.2
325000,301591.36
379950,383987.82
178000,209272.3
611000,588800.6
225000,254541.2
345000,378621.2
460000,447333.0
359950,320396.98
419900,484998.04
975000,520714.2
299000,317953.0
395000,435306.52
305000,428929.84
220000,281645.18
315275,428441.7
529000,512116.08
325000,357986.0
635000,645931.0
325000,365630.0
555000,642054.02
460000,320587.56
1440000,1214480.0
553650,546359.76
216000,281587.2
319000,357375.48
1800000,1249220.0
335000,247953.4
310000,442748.0
471000,438249.8
235000,267439.96
490000,615006.6
635000,628691.6
630000,458925.0
249000,380438.66
395000,427497.0
515000,442074.44
682000,581842.5
460000,438320.0
610360,583543.58
459000,393702.36
533000,540580.0
200000,162315.0
506400,547222.0
1050000,1014860.0
250000,233311.0
465000,554384.0
285000,297421.0
174000,199510.6
767250,694656.0
529950,584462.0
245990,210326.36
250000,174287.0
854000,830187.32
365000,362080.0
739000,938296.48
485000,506095.9
390000,467434.0
300000,238520.3
795000,351298.0
445000,359802.0
672000,714696.6
521000,554710.0
941000,789657.0
418000,461010.0
325000,422194.0
720000,673921.0
550000,498985.38
540000,561010.0
600000,575795.1
795000,830614.0
185000,206759.0
1560000,1670060.0
190000,257042.5
635000,787958.8
500000,553689.0
385000,441301.0
1870000,1520220.0
1230000,986023.0
339000,368640.0
295000,340554.0
437500,487762.0
235000,330116.6
405000,386648.94
710000,727183.8
345000,346357.0
550000,500699.0
385000,375319.36
325000,380027.0
205000,223544.0
1230000,1692100.0
600000,720297.0
735000,783992.0
217000,202341.56
435000,452088.0
735000,650764.0
1900000,1203970.66
495000,483551.82
239900,255498.96
290000,341839.3
754000,1628030.0
280000,326487.0
267800,275708.1
810000,812575.98
405100,421047.0
760000,658434.0
650000,630787.6
510000,444784.0
360000,399357.3
775000,635184.64
383000,357801.26
344000,361841.8
1200000,1432250.0
291000,321315.8
670000,690713.0
734500,853025.72
765000,842629.08
730000,677792.8
538000,532340.32
810000,861016.8
588000,447485.0
465000,510346.0
211000,257723.0
560000,612599.0
580000,539922.5
289000,383377.02
350000,352691.12
477500,416763.0
422500,455649.66
247500,202924.0
343888,334431.3
2950000,2840500.0
560000,562086.0
122000,233203.98
925000,881294.76
615000,616620.04
285000,262462.5
730000,636551.9
820000,647581.56
675000,606748.82
660000,633282.0
680000,722656.56
280000,288978.0
375000,388262.04
750000,726715.52
347000,329760.0
914500,894834.78
305000,299532.38
722500,554253.0
319950,323117.58
110000,154440.34
1640000,1776800.0
562500,519210.0
316000,280863.0
279900,254826.3
745000,761867.0
245000,243539.0
440000,421251.0
456000,481332.5
432500,363020.98
365000,413975.5
225000,258946.4
379000,356974.6
470000,546898.0
1290000,1499066.52
1570000,1254262.52
508500,532074.9
713500,610988.5
439000,451689.0
259950,238562.0
675000,696307.68
700000,506080.0
346100,373065.16
440000,424766.68
690000,691428.0
352750,363672.0
294000,324711.02
715000,641325.36
353900,309525.1
700000,303017.5
718000,655913.0
587750,515684.04
330000,260659.72
270000,404800.0
630000,565178.58
275000,208975.54
285000,265796.0
331000,342200.08
360000,364854.98
604700,584443.0
542126,585342.5
530000,579717.68
241500,323039.32
445000,558414.4
457500,423895.76
250000,265542.74
361000,354223.0
202000,202461.5
275000,599977.94
1170000,1090251.2
530000,482169.9
250000,240824.0
700000,787990.0
250000,341511.64
397000,421235.0
685530,678836.74
336000,363644.76
568000,527044.66
1070000,745163.0
345000,218687.0
370000,357438.46
290000,317399.42
245000,242968.0
269500,280561.68
364900,483402.0
1090000,989673.12
349950,321689.0
376500,409481.3
353500,292983.26
755000,554005.0
405000,413565.0
469000,568002.0
880000,971562.0
268300,360353.0
230000,200133.0
292500,308691.0
1450000,1707200.0
700000,678825.12
343000,345862.78
396450,469715.0
475000,405364.0
220000,373745.92
300000,283841.68
475000,430586.0
399950,324234.52
459950,441003.5
394000,383868.38
793000,786838.0
1780000,1421166.0
603000,591322.48
645000,524600.0
945000,1043464.0
580050,810554.62
860000,856271.5
417000,320371.7
594491,560516.3
673000,586330.9
825000,689256.76
652500,717802.0
229950,222057.68
981000,845186.26
605000,535890.04
230000,319446.96
341000,470523.54
602000,655777.0
325000,337955.62
1540000,976010.0
260000,278058.0
590000,530653.98
295000,259448.0
600000,603824.44
425000,532751.6
311000,289973.0
379500,382537.5
550000,509964.8
304000,282764.78
352500,423089.96
266950,302716.8
696000,676084.0
450000,537808.0
353500,332180.4
865000,860121.5
619790,628250.0
865000,810857.58
703011,746746.48
355000,303551.72
364500,325538.2
525000,515429.0
215000,206481.08
379000,372532.0
299500,272231.5
160000,173060.6
650000,668492.0
598000,574888.0
1600000,1442146.72
199950,146400.0
350000,353748.0
647500,506826.86
225000,226487.0
289000,257261.0
335000,395931.42
295000,329907.0
515700,569652.0
455000,443962.0
879000,782347.32
552100,588755.0
305000,248437.48
950000,500564.3
705000,712294.06
190000,216013.3
205500,242285.0
740000,590439.38
430000,451299.0
190000,251670.0
320000,360541.48
360000,473139.3
660000,644684.0
1400000,1195600.0
234000,257427.0
375000,359706.44
313000,304793.4
397000,406987.0
305000,314771.6
585000,638794.0
200000,205441.1
457000,501020.0
203000,317787.8
292000,371153.1
563000,662267.96
160000,232609.0
297000,299860.0
600000,626080.0
228000,281665.6
132500,221803.0
550000,526138.0
434975,416585.56
554950,539780.0
390000,414720.64
790000,456417.7
318888,298704.0
551000,565083.52
462000,538397.0
1020000,923682.0
630000,833813.0
182500,172605.8
685000,716324.08
294000,282356.96
354000,354247.0
235000,256695.0
335000,266413.2
215000,212491.6
750000,934753.0
1140000,1203460.0
271950,492101.28
556000,402473.0
417500,391799.0
625000,772770.0
250000,212910.0
675000,571703.0
1130000,1245877.0
460000,483777.56
304400,287355.0
299000,366058.0
403000,427131.16
455000,339934.6
1720000,2254000.0
420000,380643.28
479950,500741.0
960000,944465.48
719000,949221.46
277500,294638.0
229800,327858.96
320000,288380.26
450000,549774.8
615000,610694.0
440000,502252.2
850000,840174.42
371000,366918.0
300000,219478.0
549000,463652.52
999000,718167.0
775000,653395.0
400000,474507.0
575000,531127.9
580000,535927.76
1100000,993362.0
445000,382840.0
665000,627922.9
595000,530243.0
170000,206993.0
820000,813539.34
212000,236818.7
340000,460808.0
294000,251750.0
318000,323905.0
445000,427981.4
392000,396487.0
685000,826701.48
260000,384048.2
429950,427119.28
299900,245606.66
335000,353312.0
443500,469480.0
256950,285109.02
157000,175959.34
339990,376273.84
270000,245741.0
576000,629168.08
710000,574371.0
269500,243634.0
290000,289195.0
438000,555040.0
95000,198741.5
640000,639210.0
570000,551706.0
342000,371711.0
352500,468416.0
369000,364362.98
419950,354343.0
496600,500407.0
203700,293670.0
244000,238019.76
1490000,1370070.24
355000,447387.5
580000,556979.0
530000,413608.48
298000,295865.2
1260000,1163700.0
192000,233026.0
538000,650938.0
350000,371804.98
529100,531681.36
585000,524302.0
460000,527635.0
366000,451023.0
755000,982806.56
550000,610129.0
730000,774051.48
255000,276999.0
201000,193877.12
1390000,1323000.0
381500,424982.0
446000,420767.0
340000,284466.0
400000,497080.0
575000,576162.0
499990,522882.4
560000,431683.1
629800,595842.12
370000,376326.6
245000,304837.56
839704,861180.2
725000,541532.0
570000,185946.5
815000,1025811.18
780000,834314.0
525000,587678.2
258000,196581.52
265000,300492.36
476500,488887.94
183000,180219.0
245000,249176.84
549900,559599.6
555000,477034.0
483000,688150.92
367500,445403.0
393000,457384.0
222400,242604.0
329000,281327.0
490000,657654.0
600000,591900.0
495000,346170.5
162000,240341.0
396000,462269.0
525000,443419.9
323000,464100.0
325000,421295.0
440000,441492.48
600000,829085.0
320000,306354.6
895000,1196780.0
802945,817696.16
450000,518216.6
265000,258937.26
513000,517422.0
417000,414023.86
372000,427337.56
564950,483286.0
199000,276453.0
412500,394980.0
303000,320419.0
315000,409880.0
225000,289688.74
209950,232419.8
435000,548736.52
459000,483846.0
260000,252713.92
615000,573887.76
250000,280355.86
595000,582393.52
424950,414388.6
315000,254574.0
287450,310109.2
437000,507319.68
825000,788144.52
309500,378449.56
421000,424847.98
254500,321309.12
230000,256947.8
391000,600623.0
332544,301287.0
1370000,872379.12
270000,396993.52
690000,686694.76
387500,389251.0
445000,516571.0
340000,473274.24
810000,843285.0
351000,440183.1
235000,226128.0
828500,867780.0
765000,714315.52
240000,221191.0
512500,508753.5
1240000,1255018.08
223000,196277.2
772000,699328.0
700000,794469.0
329950,247809.7
280000,259424.46
395000,483697.8
395000,360895.0
1230000,1232280.0
833000,814993.8
335000,354797.9
317000,289996.6
450000,505284.0
625000,877971.3
263500,297513.0
372500,379811.04
616000,597699.2
190000,195487.8
299900,321590.96
545000,485537.16
289500,443384.0
428000,388420.0
500000,532627.96
782000,849562.98
315000,348033.0
135000,155324.0
1030000,811543.0
415000,556328.5
335000,291826.04
900000,690114.0
580000,354239.64
570000,786846.0
654000,507678.48
540000,547843.0
615000,527323.3
275000,333854.7
740000,716426.5
179500,300226.0
408000,377105.0
800000,744207.64
360000,355960.18
3070000,1952800.0
430000,478762.0
290000,263178.0
440000,455259.0
518000,473335.0
230000,319849.0
899000,870786.0
839000,763876.0
390000,427049.76
387500,452399.0
550000,474909.52
800000,839900.82
532000,530212.0
1810000,1804800.0
925000,1053612.96
345000,326950.1
3000000,3662200.0
410000,442539.0
289900,221216.3
682000,729020.0
710000,559529.52
915000,832492.0
312500,317949.98
1520000,1008607.0
310000,300807.12
545000,568974.8
479000,373275.4
279000,337643.86
495000,556629.76
540000,457721.5
202000,210602.6
509990,330971.12
800000,412921.1
395000,331372.12
384435,410453.4
480000,477907.0
425000,483961.5
411000,493815.0
264950,210208.76
300000,372719.0
110000,349099.6
650000,715248.5
595000,560097.68
275000,226914.04
625000,494865.0
506950,451181.66
349950,334691.0
1080000,871097.0
425500,449568.44
252500,281099.84
650000,498704.0
364808,370691.1
325000,421029.46
240000,237414.8
670000,656584.1
425000,504643.0
615000,672720.0
397500,343735.86
800000,794747.5
740000,690535.0
238000,233162.0
280000,459216.0
896000,947500.0
1820000,1282249.0
712000,667715.4
675000,650552.0
388000,407708.0
935000,1126236.6
880000,1019684.58
677500,763510.0
239950,216733.0
160000,350541.5
270000,276979.02
269950,296324.8
287000,247050.0
445000,422462.96
250000,211056.0
270000,293836.1
419190,419288.66
1780000,1580080.0
870000,1075375.0
800000,444422.0
1100000,693216.0
539950,588403.0
277950,274831.66
544000,537427.0
330000,377736.88
356250,414938.36
390000,463939.18
469000,452268.0
217000,210564.8
680000,611611.0
580000,583168.0
295000,294349.74
250000,321530.72
650000,733228.0
306000,250778.0
400000,526271.0
656500,574025.0
182500,212354.96
270000,296495.0
400000,404521.0
399950,388522.86
269000,312553.1
1130000,876852.0
540000,731513.84
305450,359062.52
510000,813961.0
590000,489856.2
815000,1077256.98
355000,369399.86
229000,259836.44
527000,467121.52
369500,378398.26
638000,669073.0
363000,398935.0
1100000,1088680.08
500000,555865.1
352000,355600.0
249000,216141.54
244900,223852.0
310000,344795.84
1380000,1214275.58
405000,420580.2
629500,727359.84
391000,396099.04
534000,558990.0
274950,245300.0
613000,558388.2
552500,386649.84
530000,565317.0
572500,644138.0
860000,791477.0
334000,500185.0
505000,594210.0
450000,402784.7
144000,185562.34
799990,799437.1
660000,563718.4
638500,513105.4
580000,701168.2
535000,363260.86
585000,616140.0
730000,775091.5
902000,682269.5
579950,529805.12
395000,398948.4
407000,303118.0
1340000,939612.0
352000,590098.02
265000,299431.12
327000,371745.0
1700000,1497700.0
338950,331814.98
280000,296512.58
513000,566816.26
320000,347894.5
750000,939884.24
1330000,1309420.0
270000,284061.0
114000,196446.0
1540000,1263550.0
485000,513422.0
757000,752435.1
430000,323547.0
610000,591764.08
415000,585779.96
560000,494661.08
185000,256405.76
1600000,2238800.0
515000,511249.5
1600000,1754960.0
632750,718060.0
432250,476084.84
637000,559044.42
470000,488645.9
255000,247336.0
525000,543300.0
885000,731508.0
765000,708512.0
297500,312745.72
757000,730412.0
475000,459246.72
1700000,1178332.0
662500,621139.52
353000,316445.0
801000,833144.64
452000,405886.18
967000,802546.9
494000,514787.0
325000,361619.0
195000,160794.76
450000,561971.5
228000,258653.0
2160000,2093200.0
409500,463956.0
280000,279661.0
530000,501965.0
237950,239006.04
435000,414507.0
402200,408657.76
350000,468222.0
295000,612729.0
470000,536530.6
245000,281670.06
798000,823480.98
465000,493794.0
445000,423629.0
359000,381566.0
375000,512207.14
1220000,684143.8
1480000,1017382.0
195000,174704.0
653000,557585.0
582500,523692.0
550000,543042.0
450000,556730.06
460000,523797.0
489000,457963.0
780000,730041.04
870000,909621.0
485500,554045.14
340000,403333.0
799900,980752.8
310000,368775.5
320000,355579.9
436000,471096.0
632500,635175.0
425000,436423.9
220000,239355.98
480000,571611.0
760000,791047.0
259950,258327.0
840000,688244.86
631500,667722.0
381800,387813.5
509900,521600.22
527000,585305.44
985000,1136183.0
1100000,978897.0
580000,566607.76
2680000,1999200.0
270000,255923.92
770000,1017885.0
310000,341121.4
231500,237484.0
785000,739312.0
298800,291700.0
185000,192545.5
594866,617648.68
1780000,2061800.0
224000,187610.0
395000,460518.0
860000,793621.84
319450,229963.0
349950,359987.5
353000,359767.4
320000,282623.96
169317,596848.5
460000,401211.0
277554,284104.5
497300,520959.0
422500,300947.0
625000,560762.0
772000,736078.2
710000,757848.04
249900,255224.0
535000,523417.0
339950,314972.82
194820,255766.0
699000,720858.44
275000,323516.26
321000,375588.0
90000,173115.9
450000,470862.0
599000,596680.76
475000,515873.96
336900,373229.82
559000,439575.0
415000,464458.0
518000,478322.0
561500,468071.0
1880000,1262600.0
500000,719639.26
295000,285347.0
464000,544548.0
613000,817020.0
400000,519421.0
228000,313010.0
437000,544505.12
835000,905304.04
860000,738904.92
560000,496911.0
560000,631317.0
429000,515835.84
445000,394633.4
297000,344318.0
725000,759056.98
289950,260636.58
507000,406724.0
580000,524348.0
947500,1230740.0
250000,239682.08
314000,267127.0
612000,552713.0
650000,623013.9
465425,516703.0
290000,305175.48
515000,524697.36
195000,203187.78
515000,493537.5
471001,657110.0
275000,329846.5
170000,231615.16
405000,453714.0
860000,781005.28
509000,426494.9
286000,227184.5
589000,584895.0
342000,349165.82
530000,577341.98
1650000,1297879.76
545000,502185.98
450000,506094.0
218000,288780.0
95000,391193.0
266000,303446.0
300000,356973.02
295000,315668.3
570000,599885.42
310000,335278.5
200000,190557.46
440000,459818.3
1340000,1309715.76
385000,415053.0
425000,432209.0
699000,745938.0
450000,410015.5
280000,254673.94
922000,899857.0
500000,761883.0
465000,570893.0
453000,423834.24
454950,362165.7
342000,267838.5
447500,438631.14
221900,218940.0
502000,429417.0
360000,338006.54
320000,320956.52
605000,645203.0
672500,653248.0
265000,334844.7
440000,448660.0
235000,293722.98
197200,214899.92
673000,774740.74
435000,397404.8
762300,807142.0
350000,399399.0
370000,351422.04
843500,927972.0
855000,1008029.98
399950,353641.4
499950,515915.5
416000,430608.2
711000,654933.0
252000,292909.98
1180000,1154217.9
239900,298841.96
530000,612971.0
895000,941053.12
415000,376554.0
1450000,1674079.0
560000,451106.92
791000,719350.3
748000,1076498.0
568000,452787.0
1450000,1312600.0
342000,433994.26
725000,689310.0
600000,636230.0
535000,479572.0
540000,566117.0
465000,490624.0
1030000,623695.5
950000,970540.0
385000,537579.5
432500,601592.0
1380000,1299006.16
385000,347427.0
375000,365647.56
263700,287116.0
288790,296176.58
1560000,1398199.0
168000,203281.48
287000,344305.88
567035,346601.7
665000,519065.7
382500,417940.0
223990,213995.42
209995,207115.0
550000,517872.5
641000,567190.04
777700,686284.0
170000,214019.0
224000,227826.52
925000,1217715.42
206000,203545.0
653000,643600.6
535000,499639.0
785000,703161.46
300000,312991.6
496700,521843.36
515055,468555.66
479000,484374.0
320000,461987.0
485000,440266.8
460000,511352.2
299000,263141.0
455000,409346.0
390000,595631.32
550000,528746.44
887000,601366.8
250000,313732.0
2230000,2748160.0
290000,438243.0
410000,419930.0
355000,396803.04
227000,194486.76
498000,552785.5
490000,524064.0
560000,509746.0
659000,641583.6
259900,298919.38
261490,241195.0
515000,701678.12
437000,456397.42
304900,261399.0
599000,782844.88
230000,200380.0
780000,840790.0
233500,245752.26
515000,479218.86
772500,673690.0
370000,442436.3
385000,412048.0
725000,688669.0
1120000,927857.96
510000,609084.8
216000,204915.0
210000,230572.0
1050000,754680.0
677500,720001.48
323000,334524.62
1160000,932856.8
178000,300999.0
865000,724923.5
345600,1026890.0
346950,379160.72
915000,1004520.0
940000,887571.52
354000,470049.0
780000,733633.8
330000,264290.8
294000,438954.5
538200,664044.18
419000,348310.0
923990,890102.2
451000,457429.0
158550,249695.0
650000,671121.0
249950,257602.26
448175,506856.76
910000,806735.9
1150000,1325240.0
499500,521745.0
689000,800856.98
690000,719858.0
395000,371087.0
425996,412692.66
330000,326198.2
542500,545047.0
594950,577538.58
360000,613537.16
419000,440316.0
365000,439226.0
370000,376486.0
280000,264717.0
546000,545199.26
385000,301192.6
770000,747285.88
265000,296195.54
453000,677229.2
894000,772776.0
420000,570224.4
392000,376263.08
217000,212071.9
422500,414178.8
925000,765898.4
650000,615108.0
750000,502763.0
315000,257061.52
1230000,1343473.0
588000,514859.0
440000,415558.0
246000,292141.0
277000,378673.8
450000,437315.6
760000,759760.0
450000,578269.58
695000,762713.34
1800000,2307360.0
1200000,842984.1
375000,320625.5
392500,380889.84
375000,341185.0
390000,314990.64
324950,320526.0
407450,359472.02
210000,248712.0
370000,563895.04
720000,718427.52
625000,685985.0
375000,276332.0
2350000,1747394.0
675000,538502.2
380000,354535.68
465000,377405.52
399000,409245.3
472000,472843.06
372500,340407.34
82500,125676.0
739000,620453.88
525000,466940.0
323000,329380.5
298000,325020.66
225000,309631.06
875000,738076.8
775950,770438.32
498800,513019.28
550000,609473.7
650000,559551.0
270000,274482.48
325900,302680.0
253750,214144.6
505000,543719.24
649000,553602.5
810000,1561720.0
418000,413430.0
265000,252373.0
365000,306005.0
285000,260011.96
875000,786606.4
475000,468639.0
515000,438734.9
180000,301314.98
272000,235631.1
220000,323336.36
1800000,1872946.52
1140000,1151248.0
260000,325456.76
495000,444948.46
685000,650355.32
347000,341270.0
389517,353889.20123809524
800000,901310.0
1170000,1136499.8
213000,207869.38
307000,309067.12
680000,650698.0
306000,306170.8
462600,519363.0
670000,642132.0
219950,206088.72
1220000,1023560.0
225205,208613.8
275000,232871.94
437850,665166.3
345000,302720.0
330000,413894.84
345000,355827.98
203000,207236.0
700000,766764.36
232000,221526.68
330000,489010.0
253000,267149.74
529000,578019.0
402723,506044.98
390000,413586.0
285900,256281.0
150000,230978.0
525000,532017.96
421500,492707.0
427550,459756.0
399950,426962.0
369950,310964.0
589999,606334.0
602500,682648.12
474950,614202.0
195000,258206.0
202950,176565.0
249000,221781.0
649000,552407.58
875000,655651.16
685000,710927.0
481000,542402.0
89000,171519.7
765000,622531.96
540000,560423.3
412000,385650.0
795000,606922.2
385000,342953.3
550000,449050.0
150000,342106.0
269950,292130.98
235000,243955.5
700000,956728.0
249000,232666.98
810000,818240.0
490000,673474.7
699999,445863.3
269950,268721.1
455000,507372.14
607500,538206.4
661000,612392.6
1030000,977492.0
299000,265287.0
450000,498729.0
525000,680715.0
746500,771963.0
410000,451618.0
384000,463174.08
237600,195295.0
675000,836210.32
483500,472828.0
440000,389701.46
530000,807570.76
678000,722659.6
208000,222746.0
189950,222750.8
238000,357456.4
430000,548239.96
631500,642668.0
332500,431589.0
588000,553756.68
250000,311047.0
180000,288480.0
555500,497128.0
326000,348057.0
1450000,1743000.0
380000,397210.0
580000,629925.28
250000,344035.0
485000,460843.18
450000,583597.04
442500,386039.0
500000,509761.08
280000,399085.0
550000,569046.38
635000,667349.9
467000,397240.9
630000,515604.12
650000,817996.76
1600000,1346570.0
889950,861051.44
389000,417945.2
262000,250952.5
279950,305323.3
910000,960040.26
430000,464232.1
219500,188632.68
180000,234899.48
480000,394946.04
299500,325281.4
1130000,1146700.0
288000,305634.92
320000,293299.5
332000,326664.76
183500,150103.58
433190,423460.66
1210000,1131929.0
518000,455251.0
522500,439979.08
255000,249464.0
585000,415904.0
2300000,2542600.0
550000,642324.0
302000,283181.5
706000,667384.26
302000,351296.0
330000,348370.98
762500,837557.98
2250000,1590978.66
775000,803947.0
342000,315473.0
478000,476283.5
212000,276085.0
353000,397312.62
619500,694580.52
355000,281382.72
465000,552479.12
667500,1135699.0
240000,293033.5
921500,689556.94
650000,564043.0
585000,393352.0
417200,435964.0
248000,277262.0
199950,280740.66
455000,386552.76
520000,499588.2
389000,516169.76
356000,368660.88
500000,421706.0
200000,287763.0
579000,536159.0
380000,605945.0
682000,581776.16
579000,517725.1
385000,418534.8
275500,263360.0
937500,1237640.0
550000,486528.34
544500,590925.76
765000,683599.0
279950,317092.8
352000,355588.0
700000,696634.0
295000,238372.92
660000,757496.0
599950,568018.58
365000,321367.0
435000,582636.78
780000,776768.0
226000,214087.96
328950,312996.8
249500,221378.0
438000,565603.76
375000,398614.5
1420000,1408000.4
503000,688775.9
268000,355364.0
265900,259420.0
490000,433535.48
268000,288179.76
2150000,2131400.1
312000,390440.68
495000,526835.02
725000,668766.8
317500,321018.4
362865,393743.64
430000,388782.0
760000,721217.0
299500,294494.98
1050000,1184010.0
1350000,1215500.0
269000,281589.14
1390000,1406362.0
650000,554422.0
340000,315921.1
545000,411987.0
680000,703420.3
799000,870108.0
950000,835157.2
480000,484859.88
395825,437561.12
568000,554640.0
420000,576070.0
485000,517046.0
608250,520351.0
236000,296360.8
243000,288519.98
325000,491135.98
476800,475056.36
529000,440710.0
350000,517095.48
1260000,1125010.2
1020000,900306.0
445500,441659.0
910000,1192440.0
337500,314613.0
770000,737174.0
535000,530504.0
381000,337588.76
1040000,1202350.0
720000,697148.12
440000,640761.48
570000,691266.0
384950,316432.04
264950,298721.0
269950,256185.0
360000,600268.64
999950,1031245.0
295000,273065.5
850000,797902.12
329999,307802.26
265000,228341.44
410000,327950.0
340000,329667.0
425000,355571.7
358000,383718.2
543000,429324.0
440000,471528.32
575000,753386.0
1130000,2191400.0
385000,363254.54
419000,442284.0
1110000,1008198.18
265000,342494.0
370000,437759.4
659950,653245.6
165000,259734.34
229500,189337.52
565000,620409.36
163000,232891.0
808000,837002.8
500000,526682.7
326000,358839.0
562000,568818.3
191000,177071.68
214000,263918.94
307999,344997.4
290000,295841.5
425000,353977.9
743700,864436.0
431650,515750.0
931088,1009966.0
770000,696316.0
280000,312003.0
572000,450166.72
420000,433063.6
471000,576996.22
1840000,1375393.04
348000,419820.0
665000,581289.6
380000,348296.0
555000,633556.6
244900,158341.5
385000,338486.0
718000,1016138.06
325000,233226.8
476000,464741.5
475000,412605.28
589000,573486.0
380000,393767.4
432000,532792.0
495000,468185.0
490000,568295.6
383962,426147.6
399950,410463.0
319000,330985.0
435000,399974.0
219000,208027.74
350000,387457.66
625000,475128.0
430000,449693.0
210500,252875.0
305000,255378.8
539950,650206.1
319900,310271.4
660000,527110.28
772500,779516.72
634000,674139.2
865000,750346.0
400000,419629.5
579000,523377.4
325000,339475.5
561000,474927.2
1240000,1196359.0
195000,204376.18
270500,268724.0
477000,396461.7
491150,452652.74
232000,208354.5
300000,299318.78
385000,371203.42
499900,455513.72
400000,372186.92
925000,1049829.0
204000,202031.0
630000,608391.0
499950,403374.0
539000,586388.02
350000,352864.98
340000,362556.76
1350000,1001829.0
640000,652313.0
256000,261421.04
1180000,1365800.0
325500,301794.0
450000,382197.0
595000,447100.0
545000,560617.5
295000,401960.4
287653,271452.88
305000,314000.0
994000,950628.0
705000,637970.8
799950,740070.16
539000,548826.0
831548,820733.64
215000,204222.8
315001,312556.0
800000,793514.96
350000,337405.3
379000,450860.0
657000,628196.0
340000,340409.0
379600,417482.0
353500,331868.5
226450,220363.0
367500,366987.0
312000,328753.12
649800,698186.44
436000,464827.0
612500,582597.0
433200,474587.8
780000,738096.0
734950,751694.0
280017,331578.44
572500,487483.32
613000,577095.0
796000,864571.14
550000,633840.8
1620000,1524810.0
211000,377132.56
309500,293107.9
715000,557624.04
751000,814499.9
477500,485441.44
1060000,869922.52
278000,191987.56
670000,710517.8
220000,264885.06
300000,355055.0
560000,541157.0
590000,458020.0
649990,621192.0
725000,723399.0
557500,580015.6
3400000,2263200.0
535000,544796.0
721500,912584.4
362500,338442.78
1290000,936656.0
405000,419786.0
925000,702355.0
449950,450168.0
492500,335111.7
565000,626197.3
533112,499682.22
520000,487238.8
452000,473441.0
250000,313681.14
974350,651823.0
381000,359760.48
676101,687394.6
385000,426859.0
775000,699927.66
524000,529915.0
157000,164078.1
370000,380729.9
455500,459353.98
310000,276564.96
403500,277423.44
590000,530559.2
432500,479309.4
725000,743167.5
650000,512558.0
697000,693330.1
685000,692302.0
805000,808159.0
317000,317544.96
469000,419333.4
428000,397077.54
1120000,1181154.0
217500,253254.16
590000,635776.82
394000,357214.8
707000,753261.52
299999,276934.0
487000,473365.0
950000,788618.18
1050000,430264.14
284950,280012.9
400000,576999.6
600000,628360.26
630100,542126.0
340000,422208.0
690000,794388.86
210000,200546.78
595000,526954.6
710000,680162.0
278000,234004.0
565000,594698.76
280000,248492.0
464900,476980.0
356700,343747.64
740000,590026.6
665000,682898.0
470000,383063.0
680000,648981.0
288400,307110.0
370000,342045.56
976000,941593.08
255000,326469.0
830000,595283.0
495000,635259.76
179900,199088.3
699000,802190.0
629000,535561.0
560000,532118.4
653000,657611.8
565000,463237.0
279950,268738.9
310000,306810.0
370000,296483.0
380950,381519.0
405000,498465.34
401000,360455.4
518000,557142.0
250000,311731.2
150000,217726.96
785000,729982.4
259000,269806.74
925000,851103.6
460000,428700.0
280000,272464.0
443000,445413.0
725000,702544.18
550000,543038.96
195000,196491.0
580000,612471.4
749950,634313.5
330000,314762.6
590000,568983.54
515000,533050.0
295000,355466.5
833450,750174.84
651000,572600.4
1150000,1288900.0
350000,357437.0
137000,245462.04
1290000,712361.16
960000,1207030.0
415000,386160.0
840000,800632.1
245000,210579.0
490000,498216.82
325000,429146.44
535000,285118.0
390000,476304.82
470000,322947.4
270000,275456.0
587000,641738.06
707000,670936.6
700000,691260.0
480000,710781.0
359800,374673.78
400000,474369.0
525000,505632.0
574950,536646.3
590000,522465.76
432500,480985.74
379500,435471.0
5110000,3831400.0
269950,263587.06
225000,187783.92
565000,603520.0
727500,769424.12
292000,347077.0
360000,325890.0
475000,439763.0
450000,457516.0
1400000,1829746.52
580000,621993.0
691000,560921.5
510000,487128.0
235000,323918.0
386500,449086.08
403500,422178.0
265500,237446.2
710000,741773.0
545000,581688.0
265000,249738.0
460000,396657.5
300000,314469.98
350500,443138.0
318000,311300.26
1800000,2042000.0
950000,897374.46
178500,203305.58
245000,227780.0
306000,300150.4
245000,263831.44
781000,828290.0
399500,460235.1
592500,680693.8
274250,254773.6
595000,402346.0
477000,625046.0
670000,730395.84
1060000,1008916.86
699000,729904.6
865000,801231.66
294000,309120.52
551000,569858.0
410000,290107.76
399963,369608.58
624000,595058.14
620000,558645.0
615000,682117.82
457000,491633.76
1100000,822875.0
355000,364326.0
269950,253328.0
485000,591386.0
330000,349536.0
480000,485369.94
740000,856096.0
171000,237731.48
382888,388757.0
753000,710901.14
360500,369585.0
700000,678073.4
825000,632257.0
310000,321070.0
275000,281134.4
452500,468275.0
515000,582166.3
392500,337139.0
512500,440684.0
280000,318687.0
183000,275796.3
561000,479939.54
345950,324180.78
1170000,1155258.38
759000,585305.2
245000,269293.5
410000,372269.76
667000,578243.02
397000,476351.08
409950,448772.0
438000,444821.6
375000,476440.0
536000,500293.0
959000,940135.0
749000,762932.02
325000,329370.0
1260000,1115715.0
479000,441231.64
600000,649604.0
491000,768545.48
825000,989600.0
1400000,1443590.0
350000,335646.0
580000,471699.1
435000,368960.0
263000,446088.0
557500,563506.0
775000,747189.96
320000,341516.0
505000,529555.5
219900,240165.3
2300000,1955000.0
314950,307138.2
470000,518603.54
433000,406891.02
330000,283685.68
450000,439916.44
303000,341675.02
300000,326603.0
760000,796833.76
827235,679289.0
320000,302656.0
515000,502116.0
275000,313964.92
450000,516523.88
340000,317734.6
1450000,1548934.0
440000,474000.84
403500,528738.0
268500,262200.0
465000,519894.86
452500,430999.4
1050000,917571.82
165000,244461.18
620000,640108.0
385000,401555.0
1520000,1515666.52
550000,550143.4
341500,301482.98
385000,435566.0
439000,422533.2
1340000,1708000.0
960000,770826.42
660000,704944.8
261000,269247.0
920000,995291.98
290000,429213.68
357000,372437.0
1100000,718355.0
310000,255041.8
411000,368994.06
505000,474926.52
519000,641011.2
460000,538130.0
200450,196308.0
307000,283447.0
350000,470515.0
1450000,1123860.0
515000,551585.7
345000,486984.2
273000,348923.08
733000,744502.76
384000,470480.0
569888,539153.96
425000,415334.9
234950,209491.18
250000,262721.0
235000,231248.0
448000,405354.0
648475,827979.0
399950,444586.52
405000,428670.76
1260000,947939.22
680000,821091.0
563500,776401.68
430000,491859.0
348580,312292.8
203000,281963.86
305000,297386.0
1150000,1114065.0
320000,336799.98
665000,674848.26
364988,427384.0
471000,500804.52
555700,554741.66
907500,806397.56
417000,457699.7
290000,453600.56
704111,674510.0
259000,257326.02
255000,231001.8
623000,609469.2
625000,556632.48
404000,476166.0
218000,213972.94
265800,334050.12
1000000,857973.1
788600,804335.52
312500,376787.0
319000,292014.0
309950,334503.6
1260000,1183770.36
560000,582458.76
605000,632902.0
425000,538928.34
505000,391778.0
641200,711852.0
490000,460348.5
470000,578932.82
1100000,1140430.0
1200000,908237.14
585000,575370.0
351358,389892.32
532000,446236.0
310000,422984.96
470000,688670.8
560000,614266.0
415000,423413.08
380000,485549.0
477000,537271.7
170000,195128.6
316000,356363.0
311000,324589.28
290000,351611.32
288000,260674.96
762000,748580.82
989000,1026051.0
687500,730031.94
390000,400472.2
800000,709556.0
734000,654305.0
350000,362589.8
265000,263461.18
633000,717592.5
359950,361181.36
204000,229187.92
250000,286215.36
727160,721664.0
1900000,2083400.0
1280000,1029152.0
276000,298412.36
500000,413446.0
216500,209894.16
393820,527211.04
250000,209979.5
265000,262303.06
325500,354281.0
675000,724319.0
429000,445503.0
175000,377440.0
585000,489146.0
430000,448096.0
460000,485248.62
550000,546458.0
358500,361974.38
408000,445861.74
590000,602111.0
450000,438533.0
184000,205072.88
670500,697481.0
234975,218816.96
355000,317714.0
850000,688590.0
410000,484854.3
275000,315043.28
550000,611638.0
238000,327388.0
490000,523057.0
900000,841754.14
379500,379551.08
461000,445414.0
349950,318788.6
459000,475221.6
415000,367293.8
285950,273692.0
264950,243899.98
430000,411283.6
395000,370115.98
389950,286403.0
1200000,1591808.0
1340000,1691270.0
147000,242359.98
314900,296821.44
530000,686850.42
204700,242017.0
485000,494961.54
405000,394560.0
384000,352619.4
185000,179023.0
1700000,2194920.0
550000,610173.0
1000000,403117.0
604000,630774.7
296000,312140.88
270000,251702.98
769900,735330.52
875909,785359.96
950000,973465.38
729000,786264.68
259000,248143.64
1230000,1403050.0
299800,225843.34
324800,302364.44
355000,345201.78
335606,341665.3
529500,499250.1
700000,705872.4
367000,394820.88
587500,607412.12
195000,223406.0
365000,398514.26
590000,498854.5
215000,210987.64
309900,319291.12
395000,376838.5
569995,518824.66
625000,651473.7
454800,736853.0
170000,251544.0
420000,344121.9
278000,289004.52
248000,292339.34
500000,587970.0
365000,352821.24
259250,373052.0
468000,459323.3
900000,908489.98
667000,537593.0
713400,725757.7
397500,390710.18
305000,369539.0
455000,400409.0
584999,624276.76
660000,671219.76
291000,271653.7
210000,183807.0
937000,803056.0
585000,520685.0
730000,823186.0
280500,244859.76
325000,308512.0
700000,700036.0
495000,533082.12
240000,218831.0
655100,552036.0
200000,421037.5
264950,246895.94
325000,382111.56
375000,414417.0
752500,796975.52
1310000,1702213.04
350000,307505.2
310000,298196.96
951000,1019753.28
405000,388429.08
499950,497366.0
1010000,853651.0
660000,667269.0
440000,428707.0
895990,814812.6
239900,242881.0
357250,319678.0
635000,615755.9
335000,286648.0
270000,227257.0
334950,363515.0
430000,395507.06
330000,347434.46
455000,427816.0
554000,602229.82
935000,759500.0
695000,768820.94
267500,256847.36
380000,399491.0
243500,316522.24
419500,380417.0
445000,401358.3
405000,413711.6
1680000,1781600.0
905000,1015705.42
370000,476669.3
975000,1325480.0
545000,620667.0
635000,573618.0
204950,236963.0
525000,559335.2
230000,165488.6
350000,326600.42
875000,872599.7
356999,378144.02
625000,706040.3
485000,483719.0
162000,220847.34
550000,512641.0
349000,298331.26
525000,416269.0
559900,623459.0
245000,258090.98
589410,604744.5
415000,424875.08
2230000,1267346.0
375000,330655.14
260000,240329.0
200000,244961.0
222000,236318.0
319990,296371.02
525000,532975.0
1060000,945056.48
393000,478119.0
290000,325556.0
392000,462100.0
874150,1218199.0
299950,282464.5
407000,336593.0
389999,433416.08
315000,305479.96
459000,431091.0
282950,238047.86
615000,642075.0
540000,533239.2
333000,333999.0
300000,349858.0
725000,560445.5
725000,669309.0
150000,216924.8
272450,232285.0
265000,238692.0
430000,440149.98
710000,768384.6
433000,523906.0
420000,463015.6
650000,754930.76
163500,184626.58
930000,764294.0
535000,629537.9
249000,330523.26
950000,889406.2
650000,721073.0
660000,638651.18
423500,483286.78
749950,697671.0
271000,271909.2
600000,645760.5
415000,398999.0
179000,194765.0
450000,481790.7
456500,456467.84
1160000,1184059.0
255000,332362.0
1050000,1009382.12
294000,286061.0
369900,465223.68
670000,480870.42
1680000,1371679.12
587500,479051.0
583500,467637.0
435000,475344.36
579000,722750.0
442000,564739.28
526000,617547.48
353000,348641.42
640000,745490.64
364000,369738.98
369950,355177.46
249000,281399.04
489990,397281.98
635000,568742.0
382500,430358.14
565000,599424.0
473000,558396.4
155000,180040.0
665000,521922.0
400000,294765.54
595000,554251.54
305000,228414.8
745641,767348.52
750000,659509.08
280000,272518.0
399950,388236.4
365000,341706.5
972800,1068160.0
492000,503059.9
565000,610464.28
383000,423704.88
570000,430044.68
495000,512568.3
700000,586538.5
734000,671700.0
1820000,1363112.0
315000,394136.3
340000,387433.0
460000,433501.76
555000,616688.6
840000,1145010.0
297000,347556.0
346150,390297.98
890000,784280.0
353000,258439.92
880000,580700.08
555000,625395.32
195000,205175.0
435000,503885.8
866000,922529.4
305000,432241.0
625000,634948.0
229500,309532.0
525000,510376.04
550000,501787.14
517000,565259.66
370000,385455.8
374900,353958.0
486940,456265.44
225000,194391.9
499000,552761.78
720000,821057.0
355000,323410.0
315000,407989.0
310000,322820.0
258000,240036.0
528000,516685.5
375000,533602.0
335000,380220.0
450000,510190.12
378000,387080.9
910000,801027.3
482500,463218.28
306500,324307.8
220000,311177.54
532500,644399.76
560000,628892.5
410000,431709.2
875000,686124.02
687500,539370.0
775000,707609.66
680000,564024.5
371000,410632.0
341000,328426.0
366000,335163.0
500000,516267.0
506000,514563.82
600000,674294.0
359900,344854.8
290000,324824.8
280000,230761.0
505000,549841.38
315000,337652.96
405000,428450.0
395000,315235.0
465000,493331.0
365000,337797.76
400000,505588.76
616950,703131.56
625000,600926.0
549950,572686.0
305000,274319.5
750000,783098.56
557800,604091.02
345000,312889.04
270000,278677.02
299900,342115.52
1690000,1179994.36
535000,532928.88
230000,289720.56
820000,697531.0
459000,461088.0
2900000,2205600.0
386000,454045.04
650000,631467.0
325000,370421.0
187000,183327.0
320000,326276.0
880000,860658.9
333760,408939.76
325000,370248.7
268000,290669.46
501000,458281.0
212000,323386.14
380000,425058.9
406000,422793.0
379950,364617.6
147400,301577.9
700000,818006.92
530000,548468.0
563950,543777.62
336000,357530.2
233500,211663.0
316500,322554.0
560000,463423.68
665000,652732.12
340000,324970.96
489000,518573.12
658588,689480.0
347500,347598.0
975000,1107469.66
384000,363187.0
365000,582666.0
299000,344282.76
355950,402751.0
325000,332100.0
499950,398155.0
225000,219057.94
500000,493895.74
248000,304914.5
1880000,1238096.12
520000,435692.08
235000,277818.0
325000,239185.0
211000,262629.0
730000,731400.96
299000,266522.28
350000,360474.0
1340000,1382000.0
415000,398877.98
275000,293479.0
720000,798883.38
491950,488160.0
930000,842543.96
990000,1471515.1
395000,393650.0
552500,521889.0
1120000,1531336.0
438000,444591.98
855000,915680.0
1710000,1828000.0
920000,784374.0
777000,707575.6
306888,438172.94
210000,303313.58
585000,574986.3
650000,517183.5
235000,247515.0
1290000,1560060.3
259950,252385.56
306000,317946.06
344000,300557.16
218250,204240.0
266000,293034.8
240000,245163.96
643500,649951.64
695000,703321.82
335000,435223.6
225000,217567.5
399888,451689.0
413500,400112.0
572650,593191.0
277500,259333.66
618000,640020.0
765000,692131.0
1080000,1002352.0
319000,315013.9
390000,416209.76
498000,625465.0
505000,529170.0
756000,683521.1
489000,456977.0
312620,307110.04
295000,476277.82
349500,528683.0
371000,453668.0
660000,582842.0
284900,284058.42
324450,390855.2
479500,527789.8
399950,457724.2
514000,520729.36
380000,385242.8
414000,255241.0
695000,690908.4
755000,758389.0
220000,458891.64
625000,741304.0
812000,865908.08
292000,264546.5
319950,329523.66
725000,649866.58
1370000,963980.5
400000,376798.26
1680000,1600400.0
283000,250121.34
227000,222048.9
599000,459344.0
159000,277392.0
745000,673823.76
322000,325789.58
539000,555308.0
429900,414569.2
265000,260152.7
329445,347521.64
242000,284268.0
660000,643710.4
359000,356064.5
251000,361181.28
348500,324633.0
800000,716865.0
483453,499768.68
250000,305353.1
245000,258310.88
330000,377970.7
765000,819949.0
436800,548920.02
580000,597519.8
670000,540362.0
425000,411679.7
129000,166612.72
405000,442796.88
435500,566132.2
797000,828669.6
700000,442810.44
600000,543662.5
465000,454219.2
242025,304002.52
780000,752930.0
525000,593949.0
750000,570057.98
249950,280853.0
642450,589226.14
390000,400190.0
1930000,1796100.0
507500,460908.3
375000,379917.0
282000,386510.72
292000,259579.0
530000,626078.2
699000,910623.52
905000,857329.98
506000,373649.0
715000,709763.8
670000,690452.26
500000,486652.86
239000,233512.5
608000,511292.52
488000,492593.3
450000,437619.0
466500,542633.0
630000,663362.1
754300,733767.98
185000,221600.02
427000,502823.6
550000,815250.0
299995,271346.7
450000,374021.66
287500,316103.0
267000,254779.0
345000,598707.32
239000,194830.0
470000,501440.0
635000,514974.54
229950,263670.24
385000,379131.0
785950,689144.0
305000,304633.0
299000,287891.0
315000,310300.0
860000,1129840.0
690000,852779.66
750000,678480.0
450000,519147.96
765000,806326.06
705000,656064.1
525000,530395.0
450000,452160.0
650000,608630.7
345000,335506.52
1130000,1089519.0
1160000,822061.8
427000,434190.14
744000,897791.4
521000,492348.0
445000,428282.28
550000,598191.82
358000,314165.0
415000,245612.0
583500,586413.2
467000,447960.0
335000,334221.9
890000,843914.12
650000,667394.98
667400,595603.0
1090000,952900.0
400000,407687.0
340000,332617.0
430000,440622.0
234000,259039.0
840000,754646.0
620000,514874.0
1380000,1731200.0
607500,575688.7
265000,290167.3
804995,797190.68
365500,357297.0
620000,592587.1
536650,507722.0
249900,237835.8
450000,484798.0
424000,411577.44
238000,269862.2
700000,684412.0
579950,558134.92
329780,360743.68
181000,502809.0
600000,628620.6
1430000,906148.0
540000,518111.04
358800,349723.0
280000,265264.96
520000,582228.36
365000,249756.52
302860,346688.2
500000,496500.0
451000,463970.0
560000,557353.0
488800,609744.0
661000,596332.0
775000,975508.8
608000,508153.16
1340000,1470347.76
755000,793548.38
425000,507595.04
580000,576291.0
430000,441958.96
133000,223861.8
333700,288970.0
465000,474116.9
435000,526416.08
279475,305769.18
330000,367618.56
400000,364160.26
900000,472159.8
1490000,2065400.0
420000,433828.0
642000,655188.0
1200000,1388966.52
278500,284813.0
409000,370728.74
490000,846290.0
265000,352781.0
385000,360591.0
495000,463729.06
299000,333967.5
347000,405837.02
1110000,1286000.0
345000,344740.02
355000,396269.5
662990,616241.04
480000,514370.0
225000,205276.02
477000,506401.32
550000,575449.0
395000,643856.6
540000,564303.7
425000,495992.0
1570000,1531180.0
339000,360753.0
353000,327367.6
465000,701842.0
334950,330298.4
235245,264937.46
955000,652650.0
529219,584568.52
230005,331878.2
775000,750752.0
635000,534351.32
350000,337935.0
345000,387400.2
550000,519046.1
539000,589328.0
1230000,2076400.0
690000,517373.0
215000,221095.0
345000,283050.2
790000,632782.0
367500,403480.8
1100000,699948.2
272000,288127.0
919204,980319.6
156000,204743.8
430000,441534.0
370000,343428.0
158800,210027.1
340000,318276.0
1500000,1676289.0
335000,321935.24
316000,380521.0
616500,622825.56
640000,659847.4
119900,192035.16
210000,174370.48
331000,332572.96
384400,373042.14
682000,790000.0
759990,775332.0
374000,352589.4
690000,735415.0
399000,434444.0
900000,864420.0
527500,548806.0
660000,641013.42
655000,619079.0
334850,400668.3
299000,244204.0
893880,646582.0
2500000,2096450.0
223000,264579.58
220000,233666.32
534640,477400.62
215000,248015.5
790000,775371.32
380000,385370.0
465000,438112.0
445000,434582.0
339000,335622.34
690000,939364.2
150000,219002.64
780000,1529517.0
665000,659696.0
525000,433155.0
558000,485002.76
295000,296296.54
454280,422505.8
199950,263714.76
774000,743873.36
505000,579140.0
239800,271164.92
1700000,1506174.0
400000,449390.0
492000,480812.0
699950,642203.52
355000,337684.6
550000,598976.94
569000,458784.0
795000,846548.08
544950,470235.16
235000,280757.76
335000,331405.2
289000,249894.9
310000,283561.82
857326,715288.98
390000,386408.26
570000,601389.02
2540000,2113200.0
304950,292323.86
522000,472681.0
475000,501052.0
235000,172736.0
310000,305867.0
379000,449911.0
479000,509282.0
632500,613156.0
397000,467964.14
806000,788715.0
1650000,1299681.2
350000,392678.8
250000,276254.0
320000,374622.54
638000,722847.6
243500,272907.0
420000,338323.5
270000,322063.5
625000,579527.36
870000,901457.08
1020000,821492.0
613000,607533.02
940000,1067928.0
430000,370961.48
277000,298416.76
705000,845812.0
850000,554626.0
115000,224936.6
339950,348860.98
725000,530734.3
875000,1166260.0
968000,1010072.0
1270000,972924.28
400000,529427.08
345000,324077.88
526000,578423.0
722500,849242.0
675000,695890.0
975000,976746.0
396000,325747.0
384900,358998.06
655000,613554.0
835000,860456.96
279000,289840.64
450000,475029.62
285000,422048.0
740000,1106339.98
525000,545340.4
309000,239725.0
294700,242685.0
640000,699051.08
170000,241000.02
642000,591779.0
270000,248062.0
269000,252285.0
575700,487304.0
355000,301591.54
255000,199405.34
290000,238340.1
1140000,1069080.0
490000,473354.3
385000,432166.0
493000,520357.44
360000,349439.0
772000,773132.48
397380,381550.0
259000,319890.0
446000,297454.0
245000,221304.0
255000,459532.02
619420,646813.26
265000,264202.78
178000,225256.22
403000,350831.0
840000,957366.58
420000,409266.32
482000,481984.0
558000,422161.8
475000,529727.0
626000,610561.8
565000,527356.76
432000,483334.08
500000,452038.88
488000,505548.0
1800000,1986800.0
575000,389562.0
820000,924689.16
556000,590744.26
409000,438899.98
248500,309700.0
695000,688522.0
775000,485002.9
280927,302710.04
562000,519456.0
720000,914425.0
334200,428127.0
519950,554428.4
437000,552346.0
480000,453795.0
420000,597423.0
577500,703727.26
616300,652018.78
320000,321354.52
330000,259131.0
545000,586256.32
245000,222354.0
479000,456266.18
353000,422953.18
550000,475292.0
365000,395723.0
610000,566184.62
285000,249715.0
410000,423428.0
350000,355185.64
425000,427470.0
480000,441067.8
534500,526896.08
400000,376850.04
1000000,930508.68
575000,500476.0
601000,600862.76
325000,364706.0
265000,313445.8
599000,609228.0
375000,532516.82
1630000,1754600.0
425000,371979.2
450000,408995.6
591000,588696.64
430000,399234.44
1200000,956765.3
247800,300996.0
1080000,1018009.02
170000,230326.0
810000,976752.0
547000,641678.0
396480,300546.4
1380000,1396413.14
395000,446846.9
635000,644232.0
359950,417979.4
800000,566210.0
290000,258820.0
622950,617762.0
295000,343756.0
240000,258393.0
578550,633109.0
1500000,1330520.0
555000,474715.76
500000,581774.5
524500,627967.0
507000,497568.9
650000,682177.76
772000,726419.0
719000,751206.64
605000,546582.8
325000,350476.82
464500,426889.22
245000,200457.26
250000,315380.0
480000,354969.0
245000,284376.0
465000,535178.5
323000,307987.1
320000,333526.0
870000,925400.0
265000,336794.0
330000,332819.0
372000,314903.72
229000,381850.42
329000,374929.0
2250000,2207400.0
210000,293692.08
662700,500701.9
304700,302353.48
225000,302006.84
369950,318023.0
360000,335953.5
483500,521520.0
415000,345619.76
290000,256721.72
480000,494039.2
425000,396800.6
669000,625715.5
425000,534420.08
370000,328384.0
1120000,1192752.0
473000,563197.0
340000,286570.0
425000,552718.0
380000,408359.0
360000,474969.0
260000,245189.68
545000,560443.56
452000,463077.96
305000,282662.88
424000,555604.0
293000,409000.16
366000,263572.3
470000,555148.0
388000,376790.3
286651,287339.96
734000,653335.0
525000,533541.0
414250,393588.0
871000,909133.76
536000,558535.0
990000,967399.92
320000,306720.0
835000,985816.4
350000,472673.0
340000,328677.7
319000,333768.0
550000,580293.5
500000,564889.68
451000,448140.0
400000,323042.0
500000,617328.0
970000,1226200.0
471835,418266.34
427500,480386.0
809000,771432.24
850000,915310.56
815000,771622.6
425000,415261.48
328000,354869.8
453246,395428.28
652450,603495.0
802000,705735.0
401000,437282.8
515000,691198.0
766000,781110.38
1110000,1029402.0
250000,250468.0
265000,266968.2
525000,481672.0
475000,263007.4
618500,633014.0
1400000,1181331.2
346500,382090.4
450000,482254.0
372500,336121.0
243000,219499.0
406500,542378.5
240000,230090.06
258800,289354.0
489900,499589.0
449250,440799.5
625000,717202.0
235000,239636.0
539950,484970.16
575000,485355.0
320000,338385.0
215000,244678.0
490000,454861.98
565000,443398.6
135000,202191.5
545000,560313.08
791500,783067.5
531155,551701.7
650000,558977.0
549950,652943.0
555000,577515.8
345000,365101.44
561750,548183.12
1360000,842849.32
850000,800950.24
308000,329028.34
560000,659683.3
950000,637094.0
525000,448599.0
295000,272905.0
348000,339714.0
241400,253226.98
470000,481656.82
356000,327670.0
358500,358051.8
950000,931888.8
625000,758478.12
445000,431036.0
233000,241778.0
540000,490160.0
840000,962273.0
230000,185150.0
350000,403064.38
250200,206593.44
285000,247118.92
270000,284414.0
475000,469272.0
455000,377715.76
273000,246420.0
280000,259523.5
215000,212415.0
440000,441783.3
535000,540360.0
1010000,1045425.0
475000,486984.0
599000,559147.4
224000,303726.0
410000,347491.6
430000,394306.0
495000,403487.0
410988,370201.76
436000,396523.9
448000,447444.0
879000,876674.0
250000,268820.0
326188,395575.68
895000,1205242.52
700000,899572.0
254600,291479.66
435000,522200.0
736500,754345.0
257000,299240.9
781000,633509.12
387500,258148.92
355000,429860.44
628000,599085.0
395000,418530.5
605000,661758.06
759950,597441.14
399950,370594.5
319950,424838.0
420000,354593.0
300000,319822.32
545000,560892.0
490000,445570.0
371500,280550.0
351999,328650.28
273500,289355.0
576000,548566.5
287000,264941.54
268000,273741.38
190000,343710.74
429000,470203.0
215000,241767.78
448500,494047.7
372500,433185.0
345000,366961.0
502550,445265.8
250000,148958.54
337000,398308.0
484000,436732.0
405000,413094.48
549500,616018.12
380000,417757.0
247000,212219.4
1200000,1006651.0
370000,358486.0
530000,540395.0
282000,342870.5
254000,285056.0
612000,549038.4
350000,366776.0
270000,236044.0
1650000,1535140.0
791000,714415.0
389000,408535.04
565000,535118.6
433000,363060.06
1030000,1002704.14
230000,211077.96
688000,812490.0
398000,433111.06
475000,470808.0
530000,408972.08
272000,266949.44
858000,797040.0
382000,446509.0
471750,414720.0
179500,185104.0
375000,431788.0
1340000,1112133.0
432000,413888.86
295000,266307.0
286950,275149.8
324950,303216.9
260000,285636.32
398000,406981.26
2370000,1881800.0
961000,883098.62
525000,400580.28
207000,208960.0
254000,262062.0
515000,605430.84
740000,730717.0
325000,302842.0
255000,282406.98
1000000,1021421.9
500000,387816.98
450000,526693.26
2730000,2414600.0
352500,332247.0
410000,322237.0
625000,599288.92
592500,536915.5
392000,317922.62
220000,274701.0
599000,746116.5
370000,374498.9
128000,202653.6
685000,797767.0
345000,376837.06
590000,491449.6
575000,600574.2
212700,357773.24
600000,772701.32
1250000,1439770.0
400000,460850.0
215000,241981.0
475000,714327.8
340000,429703.68
539000,483725.0
265000,235737.0
172380,202494.4
290000,329918.24
318000,339561.2
640000,573144.0
402000,534296.14
240000,254667.04
299000,274991.44
234000,390678.5
349000,347257.5
318000,316285.44
426000,442728.0
475200,468266.0
243000,243815.0
245000,248097.46
220000,330212.0
831000,750578.0
221000,216433.0
610000,649779.0
350000,367338.0
517500,476129.0
627000,470828.0
318400,298887.5
289000,272606.0
440000,357642.0
230000,217359.0
650000,544861.0
1210000,1252900.0
322000,228527.0
825000,694628.0
255000,306547.0
230000,259755.0
465000,417916.5
420000,817960.0
760000,840393.0
230000,231240.0
265000,292085.16
300000,318599.0
233000,261330.92
257000,555057.9
850000,675231.76
255000,263673.4
600000,520976.52
320000,318149.98
1340000,1596374.1
747450,601017.4
156000,359771.0
265000,376695.0
225000,254669.98
310000,325473.5
310000,345536.96
505000,463550.0
424950,671425.48
203000,222853.0
449950,438208.76
543115,607906.0
965000,835582.8
1750000,1321550.0
525000,573519.0
238000,237818.0
529950,455017.6
643000,640926.0
861000,694103.0
252000,283972.6
700000,711897.0
495000,449984.2
870000,993372.0
379950,359915.86
410000,446581.8
458450,450374.2
970000,987639.0
712000,698064.6
778983,771401.5
257500,441507.0
660000,630935.48
268000,254832.8
373000,383002.0
298000,345115.54
540000,699304.0
487028,611899.0
259000,299034.8
449950,461217.9
605000,482468.0
309000,233577.0
740000,1052139.0
185000,271017.0
1430000,2763400.0
299950,309980.9
675000,632046.2
728725,679050.0
489950,519609.8
432000,462389.46
537000,602021.5
615000,456045.0
300000,327363.0
410000,512158.0
800000,801242.88
1620000,1326808.0
128000,274097.0
800000,861504.0
280000,325028.0
749500,658340.0
525000,523106.5
1900000,1797100.0
899000,874953.0
874000,792011.0
640000,601578.5
395000,459066.66
311600,326016.0
431000,417089.0
807100,808266.2
365000,397463.0
935000,563442.0
254000,254143.2
540000,439295.0
359500,345692.0
432000,404695.8
749950,727405.0
637000,663511.36
197000,196862.12
625000,680222.68
399000,354444.88
570000,553053.0
751000,685315.0
569900,556724.4
365000,418971.2
707000,782840.0
425000,423367.76
505000,449253.0
375000,462778.5
510000,605668.0
350500,330003.6
605000,553221.54
332000,322941.5
540000,510732.0
510000,581944.2
286700,252185.0
493000,669901.0
255900,260069.0
525000,488284.0
306500,315513.98
475000,450591.0
345000,302069.02
325000,327815.94
469000,508588.72
350000,338949.72
308000,431552.0
282500,353751.0
299000,332948.2
342500,315069.8
330000,399403.3
469000,359383.0
566000,550400.0
270000,230743.78
355000,332639.74
270000,321485.0
1040000,1211870.0
169575,218758.0
135000,210136.14
1070000,875325.22
196500,177986.28
219000,235957.76
385000,478084.0
875000,690895.74
262000,316580.0
292500,338724.16
646800,643897.0
683000,681277.0
292000,328858.68
278000,309400.5
299900,416382.94
720000,503969.0
320000,309533.88
979500,1231752.54
350000,384102.4
457000,434640.38
920000,1143580.0
890000,619136.2
936000,744057.32
241000,214959.02
290000,293290.88
1670000,1736320.0
455000,404333.8
1170000,1304845.0
800000,857911.0
267000,275032.0
640000,718658.24
550000,480725.0
500000,487666.34
420000,459251.7
502000,479675.0
305000,347703.0
385000,474427.0
390000,337443.7
530000,560426.0
493000,483852.0
650000,661688.6
282000,268619.06
375000,447612.8
219900,201079.5
520000,551621.4
380000,324706.0
562000,665843.02
400000,460662.0
288000,289381.0
338800,366927.38
520000,662374.0
310000,278309.88
665000,865727.0
542000,609986.72
1350000,1133173.94
1070000,727748.0
260000,333559.56
472800,547355.8
565000,551448.0
745000,745624.12
707500,680708.0
1300000,897834.0
379000,434493.34
589900,817085.0
419900,405101.62
359000,313040.2
630000,651227.6
485000,507498.0
404500,491825.0
330000,337696.2
470000,488101.14
595000,651888.76
320000,343747.02
351000,328854.1
266000,248852.0
1060000,977639.8
417000,466551.52
440000,475777.44
890000,831544.0
581000,545211.0
1300000,1205445.28
200000,340674.0
935000,979533.0
328000,355777.9
370000,358906.0
1490000,1668400.0
617000,656456.96
800000,1023985.34
710000,693473.38
314000,386062.48
325000,304715.0
300000,337431.0
980000,1079459.76
489000,473933.9
2450000,2284946.52
372000,353820.0
469950,505209.32
575000,568656.72
440000,504229.0
270000,264396.8
963990,979370.68
550000,517287.04
642860,601884.4
526500,551254.8
809000,770834.7
387865,355029.4992380952
278000,276470.0
774950,738910.0
564000,477698.7
970000,1147934.0
1760000,2653000.0
562000,611814.98
515000,400332.22
489950,525146.5
275000,219538.86
365000,479512.6
979000,1116635.0
550500,441981.82
347500,383622.9
1250000,1597770.0
600000,523315.94
400000,452781.16
2290000,1937750.0
503000,770585.0
415000,411979.9
861990,808161.0
1500000,1749600.0
725000,517459.98
1030000,1116611.18
562000,494587.1
464000,456988.9
450000,360942.8
335000,338893.58
306000,331435.9
467500,448735.0
850000,679440.42
387000,418108.02
349000,320361.4
648752,853903.0
370000,292349.8
480000,443634.4
700000,595162.0
697000,607670.68
550000,884490.0
523000,526920.0
152000,176572.68
425000,481169.0
810000,1207288.88
429000,424016.48
385000,554749.0
213500,243584.54
715000,810169.86
909950,1046752.4
258950,272096.5
439990,629894.74
1200000,1283240.0
900000,786409.0
1250000,951051.0
1050000,927167.88
733000,695113.0
415000,399221.0
750000,782562.52
468000,422476.0
475000,556450.62
666000,652063.88
675900,559825.92
343500,370831.5
620000,659208.74
294450,413528.9
335000,335993.1
405000,476510.0
1920000,1880200.0
390000,357479.22
548000,697833.64
575000,527651.7
778000,943328.1
1160000,1017466.0
337500,391680.54
759000,855338.8
399500,389521.0
211000,208929.32
320000,339068.0
1250000,1070105.16
250000,241051.8
372500,413223.0
905000,959739.06
640000,756527.46
959900,1136300.0
410000,538653.0
485000,512888.8
610000,453760.0
279800,294738.0
322400,436060.0
325000,335033.0
650000,579143.0
625000,550441.26
405000,401846.64
282000,282261.0
733000,817543.38
259000,291995.0
685000,664782.0
190000,202190.04
355000,396237.0
315000,279142.98
504975,556096.4
479000,402770.0
680000,591608.0
375000,420527.0
400000,400954.92
349900,317506.02
733000,757802.74
510000,523280.34
295000,294680.0
335000,314718.0
540000,498696.34
370000,383278.5
661000,554674.06
264500,257978.98
1280000,758988.0
864000,847907.98
729000,764462.18
740000,743040.12
267000,275055.0
240000,290854.4
389000,513112.42
445500,417944.0
340000,432496.0
165000,196671.84
230000,272360.0
349900,374764.0
276693,336171.4
680000,638319.94
142000,369856.4
221700,309503.46
786000,763471.0
275000,292278.9
721000,598029.5
565000,639466.0
525000,486108.0
875000,921344.08
210750,324876.1
369000,409657.7
174950,218578.0
215000,194873.0
349500,402677.0
545000,615950.2
633000,614257.6
313500,396435.0
216180,232028.0
375000,501382.54
450000,575160.0
230000,268199.88
699950,713710.0
729032,796142.02
372000,318275.86
200000,190396.5
145000,196152.76
175000,353801.2
420000,409074.0
250000,370643.0
375000,391811.42
410000,438679.0
505000,364377.88
710000,651076.84
350000,475082.0
420000,429897.0
369000,339486.0
385000,452027.0
222000,270483.68
345000,491549.0
565000,559612.2
460000,483318.16
244000,243609.0
313000,309069.12
305000,317378.6
270000,231993.0
400000,468554.6
457500,465280.94
375000,448523.6
514000,529984.36
302000,261062.98
275000,271488.0
460000,570717.16
290000,248905.0
446450,418590.8
310000,321140.76
205000,270236.0
572000,910584.0
506000,578984.0
308000,233539.0
179900,192041.1
324000,332943.0
285500,263512.78
500000,542947.0
300000,332336.0
305000,294854.22
950000,861343.0
732000,818428.0
550000,548283.0
300000,309880.98
521000,442353.3
900000,995883.0
210000,316729.0
1540000,2019600.0
800000,691240.6
458500,470811.16
425000,362895.0
505000,517177.22
755000,671960.0
645000,581555.0
1560000,1218671.0
385195,366036.52
175409,190199.0
270000,297255.8
590000,554789.0
166950,205912.0
289000,252206.9
240000,213071.8
339300,430177.8
586000,633085.0
628000,622184.0
595000,555066.0
758000,765290.2
330000,386626.7
407000,410085.0
340000,312351.0
125000,187609.8
800000,812857.1
212000,218237.64
540000,592142.16
425000,457073.0
460000,375481.0
509000,568922.36
120000,196647.5
739000,762321.5
509900,543394.0
439950,489494.0
631000,632742.02
601000,694940.52
780000,800026.0
359950,327219.84
330000,410645.92
574000,495399.0
795000,819630.0
510000,461721.0
330000,295899.1
620000,647293.84
330000,338155.5
985000,1246980.0
545000,701994.0
400000,450161.0
329950,306950.0
408000,376003.9
265000,324812.04
842500,732550.0
283000,234440.88
410000,391773.0
395000,402832.7
244615,292058.82
310000,335179.48
465000,490560.0
240000,305130.0
682000,679195.6
455000,508385.12
295000,266543.0
290000,262766.0
240000,251083.0
190000,304292.0
440000,433728.5
170500,250672.0
511500,523309.48
1600000,1572470.1
975000,1083603.52
360000,284050.42
495000,702997.36
1050000,1381860.2
369950,387195.34
351000,368510.02
905000,1161123.84
680000,590285.02
161500,223197.86
1680000,1885200.0
1060000,836040.0
280000,330360.8
203000,239114.76
615000,522636.26
250000,283204.34
545000,573555.0
319900,306923.0
319950,339949.76
1950000,1622460.0
448000,542115.0
950000,967280.34
430000,445758.0
811500,855248.56
565000,692858.5
450000,432260.0
691000,789362.5
295000,265658.3
265000,225821.0
350000,361021.0
319000,337439.16
269500,372661.12
376000,351743.2
382000,489924.0
299000,270975.0
582000,580730.0
435000,450632.32
569950,657401.0
280000,282638.0
556000,632801.76
535000,456831.62
250000,362096.0
2500000,2020000.0
516200,383092.72
270000,249190.92
622000,660862.12
359950,380873.0
810000,837889.2
499000,472430.0
450000,436900.6
1800000,1550360.0
400000,456376.9
571500,564048.0
350000,282353.2
305000,328560.6
260000,279624.5
452000,313631.2
580000,681663.0
274900,292854.0
270000,302753.76
286000,289869.74
570000,554485.76
215000,274047.8
995000,455150.0
464000,479526.06
260000,245670.4
258500,258178.0
759000,824341.96
435000,461711.74
454000,605870.08
245000,252275.0
293550,239372.0
860000,853465.38
810000,759477.0
234900,228919.0
325000,332537.92
149000,235749.0
695000,747968.36
432000,399370.0
299000,301247.0
710000,616400.0
232500,226719.0
350000,325492.66
565000,420184.5
385000,373753.0
339950,327095.0
254000,205852.0
249000,243100.68
224000,247433.8
181000,245901.96
294000,254889.0
875000,1260120.0
325000,331210.0
340000,379936.92
548000,468896.0
750000,801951.28
320000,273582.04
625000,525517.5
650000,621947.76
424900,502221.4
325000,364449.0
550000,580561.76
481203,544473.0
279950,281402.22
387000,365043.82
364950,356488.0
725000,789334.0
960000,1059768.0
499950,528824.44
225000,280375.0
255000,281009.5
275000,305282.0
509000,362702.54
900000,795772.52
750000,766018.0
505000,485971.0
630500,671224.0
463800,435646.0
605000,557601.0
989900,913413.56
555000,476540.36
365000,356018.0
1250000,1172800.0
855000,755769.88
749400,794717.32
252000,244898.92
695000,840697.14
467000,502895.66
320000,368726.8
473000,497593.18
598500,644226.0
451000,478778.8
554000,502127.16
375000,377127.8
1670000,1191532.0
380500,350229.0
430000,419144.0
427500,349680.92
436000,533004.48
588000,628383.96
290000,289891.0
624000,563930.0
285950,238542.6
362000,350310.0
245000,472303.36
385000,411577.0
356000,448507.98
850000,820065.76
179950,218810.8
299000,209570.0
320000,303796.8
529950,536290.8
334950,320215.12
445000,418645.48
545000,531015.8
449500,461727.0
450000,442333.0
517000,518728.8
870000,827403.86
500000,475048.0
208000,201835.0
710000,648710.0
369160,368611.86
499000,430230.0
375000,420066.46
1150000,1953985.0
190000,271396.2
510000,482984.66
659000,597206.0
227950,253326.92
525000,555217.0
1020000,668800.0
970000,963012.0
275000,204053.8
495000,497248.16
402500,313421.4
382500,378064.94
288000,215777.0
1870000,1410150.0
755000,667677.94
375000,511265.0
599950,615902.0
1100000,861932.0
427000,381349.14
365000,366505.98
1260000,1171100.0
652427,592172.58
350000,384907.08
364000,459077.0
265000,352545.44
380000,309743.0
400000,442798.16
360000,360394.0
225000,239017.0
291750,369057.0
270000,279759.64
410000,507979.0
610950,681013.24
837700,900948.08
390000,437556.0
420000,390640.0
376000,397189.74
360000,380005.0
275000,207290.1
465000,441730.0
330000,514495.0
577000,627602.0
315000,319060.8
340000,369425.0
305000,308305.2
545000,618625.66
450000,442442.1
193000,287640.5
525000,559485.8
144000,219483.96
1600000,2086800.0
286900,331561.96
232000,212283.5
440000,539552.0
375000,453188.0
616000,620529.2
171800,240584.94
263500,253727.84
404950,482474.0
467000,637075.0
1100000,956970.54
465000,470759.0
420000,398725.9
315000,283984.0
1050000,944580.0
540000,485334.0
390000,354579.0
588000,553483.0
648360,680881.0
520000,555986.7
340000,364892.96
580000,555410.0
152900,190190.98
354950,368132.5
422000,391117.0
631750,592018.04
1790000,1764260.0
391000,426928.0
305000,329490.76
288350,237821.58
415000,475027.0
349900,281080.0
765000,732551.0
515000,482884.0
795000,808939.0
499000,566029.88
222000,226774.0
525000,468617.0
484000,534950.02
2640000,2317800.0
462000,395851.74
635200,587309.24
270000,268191.0
760000,615976.98
375000,404605.76
735000,742966.0
197000,263678.0
565000,644360.0
475000,686583.5
725000,764345.52
569950,496351.4
217000,228836.0
515000,560272.4
244000,302651.0
340000,303936.4
545000,542982.8
470000,343540.0
601002,624359.0
450000,556991.02
1410000,1224019.0
483000,583856.0
517534,327604.0
535000,525964.0
447000,365272.1
447055,468434.72
380000,443389.0
1120000,987565.0
485000,460904.06
196000,199694.6
638250,643500.0
425000,395486.76
610000,607962.08
575000,505592.0
338500,318957.66
256000,179055.0
1570000,1449333.0
545000,500968.4
672500,691228.0
610000,678470.6
212000,236032.0
645000,672437.6
325000,383786.0
437000,477484.96
323000,305496.66
301000,311140.6
635000,699604.5
355000,321703.78
490000,396745.5
525000,495557.0
158000,216270.0
375000,410834.0
725000,767431.0
360000,340690.0
564000,605034.0
614000,661795.0
600000,646245.3
187000,196212.0
947500,719322.16
330000,483238.0
676000,527519.4
302282,428978.2
817000,750495.0
500000,421095.0
344000,331811.0
730000,689480.0
335000,331362.3
200000,334751.2
1200000,1174080.0
1250000,1412980.0
1260000,1209104.88
566000,632829.5
635000,915214.28
249950,287727.0
513000,524970.4
400000,381237.0
308950,306637.94
270000,323284.0
345000,300440.8
655000,825677.5
440000,327196.22
275000,346341.98
305000,342671.42
1440000,978705.0
610000,630605.0
420000,453714.88
348000,428170.0
480000,435863.0
495000,474730.58
639000,563444.02
680000,719285.7
850000,856290.0
645000,688963.0
235000,301769.92
504200,451323.16
1150000,549771.88
719000,513877.2
230000,414043.0
1990000,2197400.0
570000,597740.0
650000,833756.46
998000,895507.14
265000,268909.0
775000,715894.0
475580,544376.8
496000,374104.0
435000,383183.0
638700,561467.34
544000,585863.08
1880000,1695060.0
1880000,1670000.0
312000,269474.4
465000,522123.0
517850,496394.44
645000,697206.2
276200,201244.0
325000,264199.0
650000,562480.2
615000,650546.0
695000,756205.0
152500,159459.9
300000,454685.18
592500,590041.0
405000,426405.44
229000,272190.0
309620,421324.0
1440000,755709.0
315000,434217.0
229000,267295.0
475000,291364.0
405000,468616.4
445000,409495.48
607000,654917.0
530000,642768.6
529000,548159.2
209950,212703.0
536000,528139.0
592350,702692.0
189950,186778.0
268500,249455.96
237200,216918.48
337500,435252.16
290000,327568.8
955500,797555.34
466000,447612.0
205000,190642.0
610000,660793.8
600000,661876.46
925000,870319.68
325000,315166.98
500000,589497.5
815000,652595.0
545000,549436.5
240000,263113.16
450000,415605.52
490000,519238.0
287000,281185.1
202000,420963.0
565000,413898.1
296000,315221.6
470000,466136.92
1040000,1003747.0
526000,548281.0
315000,329055.0
450000,372831.88
475000,548938.2
577000,596124.06
1240000,1195325.14
907687,851810.48
330000,320834.0
1850000,742040.0
669500,595856.08
275000,266488.0
310000,319219.0
399440,421452.5
299000,405466.0
542000,472670.0
321000,270165.8
247500,257855.84
260000,284054.52
274800,294738.0
429000,403663.92
672000,709849.0
718500,480849.12
325000,334507.1
217000,260240.0
427000,490053.0
352000,360910.5
550000,623354.02
2900000,2686200.0
140000,240833.0
235000,211664.0
370000,307224.0
304950,236458.5
594000,676905.28
316000,266510.74
305000,313708.6266666667
319000,224193.28
375900,318147.3
700000,729744.0
240000,251154.8
146300,214296.2
525000,466411.96
538000,492219.36
528000,563901.04
770000,974363.08
340000,317830.0
952000,1157119.98
400000,455936.0
546000,760267.06
205000,248703.0
250000,309659.7
632925,606391.0
632000,614416.0
771150,865802.0
390000,387852.0
533000,503693.0
469775,567624.54
552000,482769.0
800000,683191.0
451555,407346.8
380000,335735.96
590000,618233.36
500000,475071.0
505000,496854.0
330000,330165.0
920000,827178.66
165000,260780.8
1070000,931764.0
675000,699130.8
517950,615932.52
350000,318848.6
335000,272974.4
500000,550748.44
377500,404106.0
550000,800151.42
220000,230564.0
384200,396925.0
406500,459541.7
935000,885588.84
273000,321763.2
324950,273936.0
371000,360888.0
625000,590138.5
478000,562869.46
340000,344911.8
2050000,1662350.0
429000,512505.5
575000,551105.26
313000,448308.08
750500,690984.52
960000,904593.76
290000,300882.0
675000,609810.0
619850,805940.52
325000,351576.12
338000,287616.0
640000,664760.0
393000,326108.0
345000,314257.0
484000,411276.0
350000,360401.06
670000,718301.0
500000,403825.0
613000,620800.8
484998,451135.84
499922,543554.3
365000,345319.0
280000,301436.98
500000,467022.34
1010000,1186827.66
399000,462648.0
480500,514719.0
473000,478332.2
665000,671450.0
478000,485974.0
240000,285676.0
1770000,1693600.0
440000,539047.0
810000,874689.1
250000,223026.84
665000,648537.68
2720000,1995000.0
220000,203680.96
550000,673081.48
315000,296303.2
423000,433601.5
432500,495410.5
280000,208393.8
750000,745980.56
615000,548483.8
635000,520067.76
429500,428157.0
840000,1049488.0
265000,254779.0
249900,222298.0
374000,488211.0
1200000,1119000.0
390000,468678.0
260000,280001.52
880000,580371.5
567000,700553.7
258900,306801.9
280000,248355.0
352500,243199.0
417000,394249.0
295000,238172.9
400000,414764.0
264000,265529.0
7060000,2902200.0
465000,778931.98
699950,550119.0
350000,344710.0
258000,257429.0
510000,501391.6
276000,308334.9
425000,449579.9
315000,248846.0
185000,176647.0
468000,415349.0
645000,697013.12
210000,214547.5
443000,360019.0
590000,664512.8
215150,204201.4
285000,273836.5
700000,548954.32
1580000,1406100.0
870000,957586.0
530000,530242.0
455000,521279.08
230000,266840.0
335000,355068.48
1180000,1848700.0
302000,500210.4
450000,463685.16
500000,422204.0
719950,542078.0
951000,1023699.0
862000,916580.0
210000,273036.0
1080000,769465.0
2000000,1438785.0
330000,454444.0
425000,495060.0
738000,633202.0
379000,414696.4
1130000,669222.0
781000,824031.8
635000,539119.0
225000,271056.0
532000,526799.0
350000,428532.66
622000,671233.5
653675,662768.0
195000,216450.0
480000,529176.36
509000,691631.0
289950,366115.0
813000,643574.82
276000,294397.0
120750,212647.0
700000,649425.22
429000,520557.4
435000,432489.34
405500,452984.28
353500,381897.62
1690000,1614800.0
464600,465654.8
755000,730776.0
252000,270530.0
426000,282141.2
375000,378240.1
560000,748283.0
299000,282067.0
855000,1114920.58
480000,498255.8
660000,611179.5
1440000,1255950.0
500000,555020.04
283000,435735.04
300000,269747.0
309950,286903.0
1280000,1438000.0
415000,385257.0
385000,441499.8
393000,392829.8
460000,320666.24
610000,770160.0
220000,254508.6
470000,465406.0
535000,578827.2
400000,415851.92
430000,336111.7
295000,266902.0
765000,601976.0
365000,306981.0
273500,296016.78
300000,392317.0
659950,903352.0
740000,1056600.0
442500,447579.0
358000,422759.02
475000,433447.0
190000,217754.54
635000,752550.0
1330000,1289356.0
707000,826350.4
725000,575065.72
275000,253913.8
450000,600859.78
339000,274301.0
360000,486107.0
732500,742676.5
664000,662121.0
339000,315423.0
1400000,1073814.28
332000,333014.66
925000,751507.52
455000,391426.76
287000,293064.6
150000,245960.16
802000,621854.6
246500,214897.0
495000,583686.0
350000,336086.6
250000,216000.8
215000,247599.42
415000,441680.88
459000,419590.0
300000,351287.0
315000,259771.4
663000,572825.6
293000,321699.4
550000,388681.0
993000,995300.0
479000,505190.72
329990,348645.74
248500,259650.0
350000,344357.0
240000,246185.0
182000,195838.0
625000,682756.74
285000,342126.0
799000,762464.56
775000,804318.0
550000,560896.9
375000,321108.0
475000,507580.0
2700000,1980200.0
249000,317797.04
215000,255765.98
400000,342636.0
428000,464312.62
305000,297897.0
302000,409546.84
495000,445697.0
625000,662318.02
837500,760266.52
200500,260418.8
875000,928718.0
1380000,1155439.0
420000,475485.0
336800,401824.0
212500,254880.58
825000,634736.0
615000,614809.0
415000,449908.0
480000,612042.0
695000,640899.0
409950,400199.0
556000,557965.0
200000,215779.0
1300000,1119918.0
360000,412495.0
720000,754753.0
320000,353274.68
255000,194518.26
725000,654927.0
550000,584386.76
325000,346369.0
355000,272258.5
100000,184290.8
535000,625046.08
385000,345651.26
536000,398923.16
835000,829249.02
251000,328118.0
450000,317898.0
630000,719178.14
612000,479957.8
545000,375391.1
853000,885326.0
450000,440869.0
377000,411157.0
742500,682116.0
674950,697437.98
280000,293985.0
3000000,2326000.0
234999,178901.76
689800,570235.14
754000,641869.0
625000,798423.44
540000,540824.96
665000,614434.06
305000,341842.0
115000,198881.5
365000,344831.52
389700,397806.04
456000,580941.42
385000,351039.08
520000,651831.1
255000,202909.0
415000,350715.4
1200000,1084566.0
